Comment,Designator,Footprint,LCSC
Ferrite_Bead,FB1501,Inductor_SMD:L_0805_2012Metric,C1015
8MHz,Y1501,Crystal:Crystal_SMD_5032-2Pin_5.0x3.2mm,C115962
1k,"R39,R41,R1217,R1218",Resistor_SMD:R_0402_1005Metric,C11702
2.7k,"R1101,R1102,R1103,R1104,R1201,R1202,R1203,R1204,R1401,R1402,R1403,R1404,R1405,R1406,R1407,R1408",Resistor_SMD:R_0603_1608Metric,C13167
SM15T33CA,D1001,Diode_SMD:D_SMC,C151281
330p,"C23,C24,C905",Capacitor_SMD:C_0402_1005Metric,C13533
10u,"C18,C19,C27,C906,C1004,C1201",Capacitor_SMD:C_1206_3216Metric,C13585
10u,L1001,sunlord-MWSA0503:MWSA0503,C408412
MIC4427,"U1602,U1603,U1701,U1702,U1801,U1802",Package_SO:SOIC-8_3.9x4.9mm_P1.27mm,C20551
100n,"C20,C701,C801,C901,C904,C1101,C1211,C1409,C1501,C1503,C1504,C1505,C1508,C1509,C1510,C1511,C1513,C1516,C1517,C1520,C1604,C1607,C1701,C1704,C1801,C1804",Capacitor_SMD:C_0603_1608Metric,C14663
BTS4175SGA,"U1102,U1103,U1104,U1105",Package_SO:SOIC-8_3.9x4.9mm_P1.27mm,C152451
100n,"C1,C2,C3,C4,C5,C6,C7,C8,C9,C10,C11,C12,C13,C14,C15,C16",Capacitor_SMD:C_0402_1005Metric,C1525
33p,"C1521,C1522",Capacitor_SMD:C_0402_1005Metric,C1562
47p,"C25,C26",Capacitor_SMD:C_0402_1005Metric,C1567
1u,"C1002,C1015,C1016,C1017,C1018,C1212,C1523",Capacitor_SMD:C_0603_1608Metric,C15849
1n,"C1204,C1205,C1207,C1208,C1209,C1210,C1401,C1402,C1403,C1404,C1405,C1406,C1407,C1408",Capacitor_SMD:C_0603_1608Metric,C1588
680p,"C21,C22",Capacitor_SMD:C_0603_1608Metric,C1630
Micro_SD_Card,J1,Connector_Card:microSD_HC_Wuerth_693072010801,C164170
100,"R1601,R1602,R1603,R1604,R1701,R1702,R1703,R1704,R1801,R1802,R1803,R1804",Resistor_SMD:R_0805_2012Metric,C17408
4.7k,"R34,R35,R36,R37,R1205,R1206,R1208,R1209,R1210,R1211,R1213,R1214,R1215,R1216",Resistor_SMD:R_0805_2012Metric,C17673
LMR14020,U903,Package_SO:SOIC-8-1EP_3.9x4.9mm_P1.27mm_EP2.29x3mm,C187824
4.7u,"C30,C903,C1006,C1502,C1506,C1507,C1512,C1515",Capacitor_SMD:C_0603_1608Metric,C19666
1k,"RN201,RN202,RN301,RN302,RN401,RN402,RN501,RN502,RN1601,RN1701,RN1801",Resistor_SMD:R_Array_Convex_4x0603,C20197
Polyfuse,"F101,F102",Resistor_SMD:R_1206_3216Metric,C207035
120,"R33,R1004,R1106,R1108,R1110,R1112",Resistor_SMD:R_0603_1608Metric,C22787
RED,D1504,LED_SMD:LED_0603_1608Metric_Castellated,C2286
1,R906,Resistor_SMD:R_0402_1005Metric,C25086
82k,R1503,Resistor_SMD:R_0603_1608Metric,C23254
2.2u,"C1518,C1519",Capacitor_SMD:C_0603_1608Metric,C23630
330,"R1508,R1509,R1510,R1511,R1512",Resistor_SMD:R_0402_1005Metric,C25104
100k,"R44,R45,R1501,R1901,R1902",Resistor_SMD:R_0402_1005Metric,C25741
10k,"R5,R6,R7,R8,R13,R14,R15,R16,R21,R22,R23,R24,R29,R30,R31,R32,R48,R905,R1001,R1006,R1007,R1105,R1107,R1109,R1111,R1502,R1504,R1513",Resistor_SMD:R_0402_1005Metric,C25744
12k,"R42,R43,R907",Resistor_SMD:R_0402_1005Metric,C25752
33k,"R38,R40,R46,R47",Resistor_SMD:R_0402_1005Metric,C25779
470k,"R701,R702,R703,R704,R801,R802,R803,R804,R901,R902,R903,R904,R1903,R1904",Resistor_SMD:R_0402_1005Metric,C25790
5.6k,"R1,R2,R3,R4,R9,R10,R11,R12,R17,R18,R19,R20,R25,R26,R27,R28",Resistor_SMD:R_0402_1005Metric,C25908
10k,"RN701,RN801,RN901,RN1101,RN1301",Resistor_SMD:R_Array_Convex_4x0603,C29718
SW_Push,"SW1501,SW1502",Button_Switch_SMD:SW_SPST_EVQQ2,C318887
PESD1CAN-UX,"D1,D2",Package_TO_SOT_SMD:SOT-323_SC-70,C152727
REF3333,U8,Package_TO_SOT_SMD:SOT-23,C130016
2.2u,L1002,Inductor_SMD:L_1210_3225Metric,C36828
68k,R908,Resistor_SMD:R_0402_1005Metric,C36871
TJA1051T-3,"U6,U904",Package_SO:SOIC-8_3.9x4.9mm_P1.27mm,C38695
3.3n,"C1901,C1902",Capacitor_SMD:C_0805_2012Metric,C53175
10n,"C28,C29,C902,C1202,C1203,C1301,C1302,C1303,C1304,C1605,C1606,C1608,C1609,C1702,C1703,C1705,C1706,C1802,C1803,C1805,C1806,C1903",Capacitor_SMD:C_0603_1608Metric,C57112
AMS1117-3.3,U902,Package_TO_SOT_SMD:SOT-223-3_TabPin2,C6186
ORANGE,D1507,LED_SMD:LED_0603_1608Metric_Castellated,C72038
BLUE,D1505,LED_SMD:LED_0603_1608Metric_Castellated,C72041
GREEN,"D1502,D1506",LED_SMD:LED_0603_1608Metric_Castellated,C72043
MCP6002-xSN,U7,Package_SO:SOIC-8_3.9x4.9mm_P1.27mm,C7377
USBLC6-2SC6,U1502,Package_TO_SOT_SMD:SOT-23-6,C7519
MCP6004,"U5,U701,U801,U901,U1101",Package_SO:TSSOP-14_4.4x5mm_P0.65mm,C50282
SRV05-4,"U1,U2,U3,U4,D1501",Package_TO_SOT_SMD:SOT-23-6,C85364
schottky,"D3,D4,D1503",Diode_SMD:D_SOD-123,C8598
D_Schottky,"D101,D102,D103,D104,D901,D903",Diode_SMD:D_SMA,C8678
LPS25HB,U9,Package_LGA:ST_HLGA-10_2.5x2.5mm_P0.6mm_LayoutBorder3x2y,C94049
STM32F427ZGT6,U1501,Package_QFP:LQFP-144_20x20mm_P0.5mm,C117816
74HC2G17,"U1202,U1207,U1208",Package_TO_SOT_SMD:SOT-363_SC-70-6,C94189
